date,portfolio_value
2022-04-01,100000.0
2022-04-01,100000.0
2022-04-04,100905.26303078476
2022-04-05,97843.96331243536
2022-04-06,96255.99643699526
2022-04-07,97849.60131063063
2022-04-08,99972.04484421165
2022-04-11,95349.9201770063
2022-04-12,96518.87379975383
2022-04-13,97844.4958851598
2022-04-14,96626.72467633235
2022-04-18,98120.54522165471
2022-04-19,97731.29475656687
2022-04-20,98264.56920858294
2022-04-21,94040.42647349989
2022-04-22,90558.71141781597
2022-04-25,89803.70746451677
2022-04-26,87835.1630884726
2022-04-27,88006.31113431617
2022-04-28,91739.07964641812
2022-04-29,88415.48769614476
2022-05-02,90440.39913105156
2022-05-03,92472.65761350674
2022-05-04,96167.44500558457
2022-05-05,95112.84708223605
2022-05-06,97395.95128740316
2022-05-09,90509.02111914018
2022-05-10,91458.32100547571
2022-05-11,92220.71100877266
2022-05-12,92506.11282836973
2022-05-13,95914.35362339299
2022-05-16,98572.8804097198
2022-05-17,99395.8039441706
2022-05-18,96766.24854943824
2022-05-19,96047.71223507219
2022-05-20,96734.4504692626
2022-05-23,98293.67470853153
2022-05-24,98622.26667587334
2022-05-25,100340.15749095015
2022-05-26,101736.52148932744
2022-05-27,104360.11065377487
2022-05-31,102504.74819613426
2022-06-01,103984.57459017212
2022-06-02,103714.04739851353
2022-06-03,105315.52249061828
2022-06-06,106158.51577033417
2022-06-07,109646.46324309586
2022-06-08,108792.88616721316
2022-06-09,106314.78677025696
2022-06-10,104306.84094011039
2022-06-13,98617.40450969753
2022-06-14,99699.37436083947
2022-06-15,96778.04227841154
2022-06-16,90589.25181472837
2022-06-17,85930.78172632749
2022-06-21,89753.49900662195
2022-06-22,86237.5914170979
2022-06-23,82525.7660401664
2022-06-24,83883.5093371353
2022-06-27,86743.99211635746
2022-06-28,89175.6318309248
2022-06-29,85369.77137785335
2022-06-30,83888.87090102377
2022-07-01,85487.40835342208
2022-07-05,85198.51290328834
2022-07-06,86747.0335915174
2022-07-07,87365.1445601465
2022-07-08,88006.84365608479
2022-07-11,87555.8791539523
2022-07-12,85565.20303781782
2022-07-13,85141.1100693683
2022-07-14,85340.93051311007
2022-07-15,86940.70070020137
2022-07-18,84780.86634407629
2022-07-19,85998.51700893417
2022-07-20,85823.63850728679
2022-07-21,86946.12266411116
2022-07-22,86831.28482787823
2022-07-25,87117.93297169384
2022-07-26,84968.5405309542
2022-07-27,85620.01776840459
2022-07-28,86707.48987369811
2022-07-29,87694.04104480766
2022-08-01,87636.7843008246
2022-08-02,87351.59002276341
2022-08-03,84960.74885497647
2022-08-04,82269.44761755136
2022-08-05,82934.40148688518
2022-08-08,83064.7474638367
2022-08-09,84387.93556848673
2022-08-10,84777.39004031384
2022-08-11,86153.246179989
2022-08-12,87110.46135323361
2022-08-15,86676.84386712825
2022-08-16,86001.65110331055
2022-08-17,86747.51754934872
2022-08-18,87979.2155011229
2022-08-19,89748.54825051408
2022-08-22,88817.28617894076
2022-08-23,90922.30558901248
2022-08-24,91890.1020214982
2022-08-25,92465.30048832338
2022-08-26,91160.56368851215
2022-08-29,91907.60425433588
2022-08-30,89529.61255312464
2022-08-31,88417.36216482773
2022-09-01,87633.59902924072
2022-09-02,89258.57203542639
2022-09-06,88142.10350007753
2022-09-07,87062.67527838013
2022-09-08,87235.95887017234
2022-09-09,89091.0641488834
2022-09-12,90430.71239237886
2022-09-13,88483.63163323609
2022-09-14,90434.32236462623
2022-09-15,88011.48807255074
2022-09-16,86557.56974162196
2022-09-19,86666.62160594255
2022-09-20,86657.38812222413
2022-09-21,85366.14424373077
2022-09-22,85234.71361752256
2022-09-23,79730.02189087615
2022-09-26,78100.87009177732
2022-09-27,79051.00726706577
2022-09-28,83050.56780030407
2022-09-29,82944.88498410996
2022-09-30,82115.64705392718
2022-10-03,86681.19971517932
2022-10-04,90324.38795972188
2022-10-05,90620.87647195312
2022-10-06,91265.93626297271
2022-10-07,90094.51289945308
2022-10-10,88540.63017839058
2022-10-11,87894.6495658809
2022-10-12,89070.24909771356
2022-10-13,92773.35277924126
2022-10-14,89124.5878421796
2022-10-17,89338.11563206189
2022-10-18,90754.04798242499
2022-10-19,93191.96231020307
2022-10-20,93750.93747819599
2022-10-21,95947.0487560065
2022-10-24,96580.63990726804
2022-10-25,95867.37566087896
2022-10-26,97133.749398091
2022-10-27,97578.9056372256
2022-10-28,97690.33992906223
2022-10-31,97771.03737446528
2022-11-01,99759.26548360777
2022-11-02,97032.78265363441
2022-11-03,99902.6989747913
2022-11-04,99940.29064985817
2022-11-07,102095.7432345265
2022-11-08,101778.83132712045
2022-11-09,96376.18524116657
2022-11-10,99245.29941603876
2022-11-11,102178.7636636085
2022-11-14,102207.08056401648
2022-11-15,103457.8580692548
2022-11-16,101129.84205782865
2022-11-17,101794.15052085285
2022-11-18,101240.28888834213
2022-11-21,99703.03396915007
2022-11-22,103833.23027435207
2022-11-23,102180.34739107698
2022-11-25,101699.77741869254
2022-11-28,98966.34201386386
2022-11-29,99716.41968789099
2022-11-30,99323.14779796734
2022-12-01,98457.1703469856
2022-12-02,96913.12284977594
2022-12-05,93541.11870634875
2022-12-06,90945.49514464893
2022-12-07,90884.29064043821
2022-12-08,90072.36006078473
2022-12-09,88555.65465980717
2022-12-12,91314.29727976101
2022-12-13,91818.85259536872
2022-12-14,91271.17392617988
2022-12-15,90906.42990668412
2022-12-16,89991.14039710446
2022-12-19,90307.15037158357
2022-12-20,91560.83238141856
2022-12-21,93146.74056111378
2022-12-22,90733.59526495663
2022-12-23,93905.49997562761
2022-12-27,95094.15367240972
2022-12-28,93083.590371092
2022-12-29,93877.12484841429
2022-12-30,94650.41453215566
2023-01-03,90721.67117359603
2023-01-04,90651.43016998524
2023-01-05,90644.17052095874
2023-01-06,91910.61385129027
2023-01-09,89842.13798238253
2023-01-10,90705.86724503562
2023-01-11,90888.2425510882
2023-01-12,91452.29501488474
2023-01-13,91150.85400839282
2023-01-17,90343.54292501559
2023-01-18,88016.3319463255
2023-01-19,87084.18834781351
2023-01-20,87451.84225396028
2023-01-23,87142.14855896687
2023-01-24,87373.09019795398
2023-01-25,87646.16718306557
2023-01-26,87404.94581426542
2023-01-27,86312.04159100387
2023-01-30,86419.92210748821
2023-01-31,87630.79983567384
2023-02-01,87293.42796941835
2023-02-02,83860.26714914989
2023-02-03,83680.87985243251
2023-02-06,82961.25178828927
2023-02-07,85735.44318868649
2023-02-08,85802.00679437561
2023-02-09,84592.26174122035
2023-02-10,88598.95557719571
2023-02-13,89090.91253142248
2023-02-14,88696.11574718567
2023-02-15,87409.33337039304
2023-02-16,87164.87144451104
2023-02-17,83689.46418531661
2023-02-21,84064.49683939441
2023-02-22,83000.61523513013
2023-02-23,84280.26478914254
2023-02-24,84751.27205869352
2023-02-27,85486.96435663615
2023-02-28,83820.7430055425
2023-03-01,86823.85794393852
2023-03-02,87018.78026635708
2023-03-03,88251.6692005926
2023-03-06,87229.12042288494
2023-03-07,85342.4292784197
2023-03-08,84125.9607279182
2023-03-09,83460.78222960215
2023-03-10,82131.0228550754
2023-03-13,79217.36507391075
2023-03-14,80818.31496545361
2023-03-15,76663.70925442823
2023-03-16,77949.77834126084
2023-03-17,76862.08502150074
2023-03-20,78518.54905662131
2023-03-21,80175.274184774
2023-03-22,79182.13063894561
2023-03-23,78068.04684656677
2023-03-24,77306.71313282094
2023-03-27,79369.14609027684
2023-03-28,81081.77337235468
2023-03-29,82311.63785672649
2023-03-30,82374.77278458475
2023-03-31,83455.28243207016
2023-04-03,84772.25761199085
2023-04-04,81789.88158663834
2023-04-05,84667.49441446121
2023-04-06,83582.92878605286
2023-04-10,84022.42579918804
2023-04-11,84425.5701597606
2023-04-12,83914.68677391615
2023-04-13,84464.89147300797
2023-04-14,84290.78743668101
2023-04-17,83554.59844665989
2023-04-18,83708.51245110866
2023-04-19,82947.27709738747
2023-04-20,82670.91163351017
2023-04-21,82618.40740764618
2023-04-24,83471.15472117029
2023-04-25,82408.55344606143
2023-04-26,81167.17708042018
2023-04-27,81217.09455566113
2023-04-28,81287.81099928063
2023-05-01,80874.65203921206
2023-05-02,80252.34671549319
2023-05-03,79914.42491375639
2023-05-04,79121.64970843209
2023-05-05,80709.19368109826
2023-05-08,81383.13121116988
2023-05-09,80647.23277073627
2023-05-10,80984.3768317559
2023-05-11,81157.22007229521
2023-05-12,80855.11565920158
2023-05-15,81815.15497720991
2023-05-16,81860.49100767117
2023-05-17,83748.97394591392
2023-05-18,87390.04444632956
2023-05-19,86452.62157740853
2023-05-22,86124.12159200496
2023-05-23,84036.87582630673
2023-05-24,83551.65333611396
2023-05-25,89564.82150724871
2023-05-26,92541.2873613273
2023-05-30,93788.14236676319
2023-05-31,92116.11821337198
2023-06-01,95107.41880012683
2023-06-02,95566.09147990936
2023-06-05,95237.38988822447
2023-06-06,94792.03003152952
2023-06-07,94270.28284236559
2023-06-08,96001.0710876003
2023-06-09,96715.40800234061
2023-06-12,97672.27389376606
2023-06-13,99059.42824001577
2023-06-14,100023.91550050733
2023-06-15,100744.57048748556
2023-06-16,100414.93778527036
2023-06-20,99874.82368539543
2023-06-21,98936.34720542877
2023-06-22,98437.89846382893
2023-06-23,97890.90037953146
2023-06-26,96763.99163268949
2023-06-27,98148.080176563
2023-06-28,99073.480987764
2023-06-29,99421.29801906299
2023-06-30,101240.73123185002
2023-07-03,100669.38426298517
2023-07-05,99754.32367950238
2023-07-06,98703.63364879784
2023-07-07,99141.87456198808
2023-07-10,100857.54880556194
2023-07-11,101260.8100061368
2023-07-12,102738.13397379416
2023-07-13,104745.2146981208
2023-07-14,103400.06609992846
2023-07-17,105869.24911452015
2023-07-18,107420.64838288154
2023-07-19,106475.67257068995
2023-07-20,102897.73580656895
2023-07-21,102197.86067091965
2023-07-24,102255.1910529648
2023-07-25,104882.34782854602
2023-07-26,103354.85514964888
2023-07-27,103869.27777429204
2023-07-28,105419.69248613136
2023-07-31,106510.30942863235
2023-08-01,106760.31824305528
2023-08-02,103864.19139880658
2023-08-03,103869.9692110884
2023-08-04,103866.89153661678
2023-08-07,105709.49940299985
2023-08-08,104439.53358258649
2023-08-09,101508.68529700272
2023-08-10,101602.4229424803
2023-08-11,100111.58141121716
2023-08-14,102785.13986322576
2023-08-15,101802.47057872788
2023-08-16,100411.61494170978
2023-08-17,98502.72117174136
2023-08-18,98562.08541547428
2023-08-21,101824.62957309022
2023-08-22,101028.73338869527
2023-08-23,103656.74195680622
2023-08-24,101207.31330109398
2023-08-25,101156.03237941199
2023-08-28,102535.09294135009
2023-08-29,105450.05145411965
2023-08-30,105569.21098135483
2023-08-31,106353.7825675604
2023-09-01,105089.08589095614
2023-09-05,105188.74987431506
2023-09-06,104175.50054587673
2023-09-07,102270.58308858439
2023-09-08,101621.89019789659
2023-09-11,101773.17379691996
2023-09-12,100622.37575093142
2023-09-13,99820.8588245705
2023-09-14,99609.85916131198
2023-09-15,96819.12184219739
2023-09-18,97577.36487208595
2023-09-19,96739.13244460899
2023-09-20,95170.91251421468
2023-09-21,93699.15545233527
2023-09-22,93824.26171881054
2023-09-25,94530.90159296471
2023-09-26,93020.6417145196
2023-09-27,93731.03569159714
2023-09-28,95048.06125121599
2023-09-29,94964.27250959753
2023-10-02,95594.72757089094
2023-10-03,93328.02946351639
2023-10-04,92765.47663805596
2023-10-05,92894.88871610767
2023-10-06,95026.09417293809
2023-10-09,96472.0161770619
2023-10-10,97864.82484321686
2023-10-11,99267.90230783488
2023-10-12,98937.79861343431
2023-10-13,98084.76205305281
2023-10-16,99360.47746086548
2023-10-17,99663.26244022952
2023-10-18,99640.29843765152
2023-10-19,98341.82071927545
2023-10-20,96739.24833055199
2023-10-23,96538.4745839857
2023-10-24,96732.20528132963
2023-10-25,94828.17277410318
2023-10-26,93396.17398384676
2023-10-27,93652.25904769523
2023-10-30,94730.9869528046
2023-10-31,95397.65542704392
2023-11-01,97149.77250758678
2023-11-02,97659.5229399007
2023-11-03,99645.05056856132
2023-11-06,99793.76510712822
2023-11-07,101677.7456177434
2023-11-08,102270.33903508674
2023-11-09,101993.7076389237
2023-11-10,105081.93583992841
2023-11-13,104893.2633065872
2023-11-14,107711.5857178889
2023-11-15,105917.54044491607
2023-11-16,106843.7456016286
2023-11-17,107216.11130963368
2023-11-20,108477.7831540026
2023-11-21,107768.76362800287
2023-11-22,108987.1388403489
2023-11-24,108826.1835346347
2023-11-27,108770.60033951318
2023-11-28,109009.63188408747
2023-11-29,109418.94991687931
2023-11-30,107861.69150408094
2023-12-01,107689.8814410072
2023-12-04,106205.23938487895
2023-12-05,106016.64352390589
2023-12-06,104948.64152320838
2023-12-07,106891.29808816509
2023-12-08,108467.7399665245
2023-12-11,110014.35599012252
2023-12-12,112734.50617786389
2023-12-13,112839.70842019783
2023-12-14,111881.97618784393
2023-12-15,113117.13905178687
2023-12-18,115287.00242527484
2023-12-19,115997.40904337587
2023-12-20,113805.1910482825
2023-12-21,115698.8415648384
2023-12-22,115357.08496653035
2023-12-26,116009.84349070516
2023-12-27,116205.09415975634
2023-12-28,116199.88101940676
2023-12-29,115684.05233072073
2024-01-02,112956.76279106205
2024-01-03,111755.62783631675
2024-01-04,111946.96545216555
2024-01-05,112903.6156805605
2024-01-08,117459.84990097728
2024-01-09,119833.8136112374
2024-01-10,123480.12529523805
2024-01-11,125094.32320154397
2024-01-12,125434.53298034283
2024-01-16,126319.9381019685
2024-01-17,125350.9835100161
2024-01-18,127690.30939811167
2024-01-19,130686.1497403537
2024-01-22,131964.0037546842
2024-01-23,131736.3387644006
2024-01-24,132770.56342906127
2024-01-25,132613.6202844163
2024-01-26,132369.3655939764
2024-01-29,135357.04140127543
2024-01-30,135540.12768211553
2024-01-31,132335.57829045755
2024-02-01,134323.61836505833
2024-02-02,142332.58522645512
2024-02-05,144515.58862854677
2024-02-06,143184.22864837275
2024-02-07,148000.0725599791
2024-02-08,149120.00397308762
2024-02-09,150995.49003665417
2024-02-12,149845.09825232235
2024-02-13,149233.07314516217
2024-02-14,152844.57049071317
2024-02-15,152845.2099211815
2024-02-16,152455.9848560304
2024-02-20,149005.99551547167
2024-02-21,144752.25442991988
2024-02-22,155067.54270534692
2024-02-23,154900.40885801893
2024-02-26,156100.36607746038
2024-02-27,155740.8133178304
2024-02-28,154615.37025184828
2024-02-29,156023.7370333316
2024-03-01,160713.75538531004
2024-03-04,162374.5904514836
2024-03-05,159849.70340349563
2024-03-06,165526.68488301965
2024-03-07,168253.7565996759
2024-03-08,163774.70971664108
2024-03-11,158529.89379053726
2024-03-12,164717.10842232907
2024-03-13,163200.04417570092
2024-03-14,160337.44145769338
2024-03-15,158843.78929424201
2024-03-18,160746.05730193434
2024-03-19,159998.50921891362
2024-03-20,161322.13054910945
2024-03-21,161871.9664501777
2024-03-22,163079.58099784155
2024-03-25,162592.41713965812
2024-03-26,161670.7029200183
2024-03-27,160252.73492508393
2024-03-28,159728.4120214566
2024-04-01,159734.77640672293
2024-04-02,159671.2609456955
2024-04-03,161240.73256346944
2024-04-04,157932.7076683017
2024-04-05,161570.96218279682
2024-04-08,160189.22138841596
2024-04-09,158221.593918373
2024-04-10,159105.79868317832
2024-04-11,162435.05159052278
2024-04-12,158726.91812850724
2024-04-15,155414.72409579763
2024-04-16,156114.4377593397
2024-04-17,153080.9704649151
2024-04-18,153081.11952155185
2024-04-19,145483.6347992766
2024-04-22,148028.4914977878
2024-04-23,152227.75273707916
2024-04-24,150498.83256019704
2024-04-25,148776.46706151293
2024-04-26,152847.1870600869
2024-04-29,152184.26633197544
2024-04-30,151333.02084618423
2024-05-01,149480.09085179624
2024-05-02,149143.17490274337
2024-05-03,149816.1343592833
2024-05-06,154502.2178919642
2024-05-07,150780.41834303492
2024-05-08,152376.42181661387
2024-05-09,151794.72667036494
2024-05-10,152551.77445469442
2024-05-13,152309.91255181853
2024-05-14,153963.89796994074
2024-05-15,157759.92780822978
2024-05-16,156252.9891126774
2024-05-17,154531.31498167582
2024-05-20,157031.0910434553
2024-05-21,158380.4021138425
2024-05-22,157885.082251587
2024-05-23,158425.09743452235
2024-05-24,160126.26759721982
2024-05-28,160881.79822994562
2024-05-29,160741.96585793621
2024-05-30,157747.88883377687
2024-05-31,155657.6702502857
2024-06-03,155806.23760923248
2024-06-04,155001.6399870471
2024-06-05,159053.85426730767
2024-06-06,156551.18694730534
2024-06-07,157267.71962385494
2024-06-10,159916.161040692
2024-06-11,158625.55239363087
2024-06-12,161854.7077596105
2024-06-13,162891.62631174625
2024-06-14,161857.6857982088
2024-06-17,164607.3661920544
2024-06-18,166802.35123089177
2024-06-20,163247.12780062077
2024-06-21,161358.9695594373
2024-06-24,158626.07241600842
2024-06-25,161847.88201132242
2024-06-26,160684.91573888093
2024-06-27,160646.6633275225
2024-06-28,159701.5254199597
2024-07-01,160384.66649865298
2024-07-02,160076.8536842995
2024-07-03,162319.23134385323
2024-07-05,160935.7573462897
2024-07-08,162116.4263360426
2024-07-09,163131.1026423075
2024-07-10,165404.20120953966
2024-07-11,160427.86623005354
2024-07-12,162676.75989515043
2024-07-15,162404.2369384117
2024-07-16,159311.87066638458
2024-07-17,150570.84955726884
2024-07-18,147258.151739561
2024-07-19,142672.57082668837
2024-07-22,142670.36334226653
2024-07-23,142970.50883551844
2024-07-24,137925.86998030986
2024-07-25,132724.8018287479
2024-07-26,133730.9980740333
2024-07-29,132530.27539525862
2024-07-30,125170.95486624357
2024-07-31,132353.06744482683
2024-08-01,125926.02298607497
2024-08-02,123071.61608346607
2024-08-05,120961.48682509811
2024-08-06,123255.38208808286
2024-08-07,122582.04034073067
2024-08-08,126613.60685378475
2024-08-09,128116.86530514478
2024-08-12,127731.19097122981
2024-08-13,129972.65151387839
2024-08-14,129964.65232837957
2024-08-15,132126.99920642027
2024-08-16,131432.41661662405
2024-08-19,132498.10316544367
2024-08-20,132346.87242282773
2024-08-21,133059.13459946637
2024-08-22,132325.2589134338
2024-08-23,132630.05514026506
2024-08-26,131863.91052676292
2024-08-27,132079.5632267934
2024-08-28,131480.77477890818
2024-08-29,132147.9292304811
2024-08-30,133632.80784767304
2024-09-03,130131.85619577763
2024-09-04,130409.3156752425
2024-09-05,129165.51777180337
2024-09-06,126954.0264220885
2024-09-09,128301.71301774435
2024-09-10,128630.84657190723
2024-09-11,130092.2674303671
2024-09-12,132134.26476340886
2024-09-13,131810.74228461843
2024-09-16,132398.37332819562
2024-09-17,131125.45111885224
2024-09-18,130926.79884665669
2024-09-19,133042.793410634
2024-09-20,133497.5492864416
2024-09-23,134199.2514393765
2024-09-24,133907.59226600814
2024-09-25,134244.58144288
2024-09-26,134268.5477824762
2024-09-27,132106.98130563452
2024-09-30,133145.53306732644
2024-10-01,132761.32234238126
2024-10-02,134197.6867826734
2024-10-03,134925.74136417947
2024-10-04,137081.08496291822
2024-10-07,137068.31171506
2024-10-08,139110.22961885724
2024-10-09,140586.53309966665
2024-10-10,140393.05576806355
2024-10-11,140656.56260808886
2024-10-14,142076.5697776353
2024-10-15,137860.60976875914
2024-10-16,139583.5455179816
2024-10-17,140930.5331026834
2024-10-18,140752.52650182217
2024-10-21,141253.58510797098
2024-10-22,137830.94615322154
2024-10-23,136165.89053207042
2024-10-24,135947.42957624662
2024-10-25,136078.56904680422
2024-10-28,135909.4766268699
2024-10-29,138108.96766154357
2024-10-30,136616.52545680734
2024-10-31,129023.7491161371
2024-11-01,129236.63751018503
2024-11-04,128597.20370773714
2024-11-05,131878.79578695935
2024-11-06,136123.5950668494
2024-11-07,139401.34687509967
2024-11-08,143688.67420949615
2024-11-11,143330.71530351476
2024-11-12,143612.40463918683
2024-11-13,143141.46643280666
2024-11-14,141513.70806743254
2024-11-15,136726.00309917508
2024-11-18,136364.048384019
2024-11-19,139063.35115052067
2024-11-20,138879.28613832366
2024-11-21,140714.1833179919
2024-11-22,140913.53874125698
2024-11-25,138818.4859866813
2024-11-26,139558.53344696556
2024-11-27,136832.49829119828
2024-11-29,139431.89763338646
2024-12-02,140831.92956091388
2024-12-03,142496.6631978889
2024-12-04,144486.60418274283
2024-12-05,144594.7126215217
2024-12-06,145561.53719882807
2024-12-09,142511.04938423063
2024-12-10,142192.60211934432
2024-12-11,144827.64245469522
2024-12-12,143785.71111831724
2024-12-13,142297.69590270641
2024-12-16,142432.56258634472
2024-12-17,142148.0825429307
2024-12-18,138321.743035811
2024-12-19,138817.69096001887
2024-12-20,139037.24220079198
2024-12-23,140385.48008260087
2024-12-24,142739.87854154911
2024-12-26,142348.7891098634
2024-12-27,140517.36477221665
2024-12-30,139240.91625678702
2024-12-31,137705.96136746844
2025-01-02,139032.39039449726
2025-01-03,141361.77670296462
2025-01-06,143264.34449876394
2025-01-07,140579.50627827243
2025-01-08,139998.78497748857
2025-01-10,138740.6030008547
2025-01-13,137596.41616992134
2025-01-14,136383.6197309714
2025-01-15,139483.30957883026
2025-01-16,139618.57849028817
2025-01-17,142071.07274517213
2025-01-21,144816.7733822764
2025-01-22,149090.6233493265
2025-01-23,150265.84323623744
2025-01-24,149486.84710129045
2025-01-27,143682.93289826286
2025-01-28,146394.78893604508
2025-01-29,146647.08075804106
2025-01-30,149777.45581227576
2025-01-31,150173.76106016617
2025-02-03,150814.93984553404
2025-02-04,152374.08225275285
2025-02-05,155221.81533926565
2025-02-06,155584.72192642343
2025-02-07,153508.77580546826
2025-02-10,155830.16732167086
2025-02-11,155700.75335712216
2025-02-12,156700.1323025604
2025-02-13,157345.67770558185
2025-02-14,157230.65041296554
2025-02-18,156168.3380344723
2025-02-19,156799.69232196294
2025-02-20,153401.16803374485
2025-02-21,148741.38970391444
2025-02-24,146401.75387080447
2025-02-25,146824.08971044677
2025-02-26,148733.95131576498
2025-02-27,146581.380324376
2025-02-28,149647.0678739759
2025-03-03,146370.60532545124
2025-03-04,142481.2874549533
2025-03-05,144354.01103377895
2025-03-06,139786.49502610727
2025-03-07,137532.57149775483
2025-03-10,134551.13266160717
2025-03-11,134872.27370851955
2025-03-12,135791.56011758352
2025-03-13,133225.34113935183
2025-03-14,136634.8539794566
2025-03-17,139646.5841653907
2025-03-18,137982.92055222084
2025-03-19,140688.25127121963
2025-03-20,139652.6336833862
2025-03-21,140208.26932932844
2025-03-24,143154.67429005355
2025-03-25,143781.38428274245
2025-03-26,142257.17532238617
2025-03-27,141213.72141126072
2025-03-28,137630.2791259198
2025-03-31,139084.52938962114
2025-04-01,139771.53309472353
2025-04-02,139485.79348851086
2025-04-03,136707.88834278577
2025-04-04,126225.86876781644
2025-04-07,125909.78812999322
2025-04-08,125694.22288663899
2025-04-09,132950.04742733084
2025-04-10,129736.2831046247
2025-04-11,131783.47921677353
2025-04-14,133656.49340798287
2025-04-15,133105.6328778905
2025-04-16,132971.8742039974
2025-04-17,132854.32397575123
2025-04-21,130746.82461297805
2025-04-22,131230.35564711387
2025-04-23,133276.87028041645
2025-04-24,134096.41400532183
2025-04-25,134014.99614836488
2025-04-28,135390.14539255726
2025-04-29,135531.8995141147
2025-04-30,136718.57944279548
2025-05-01,136226.95999308446
2025-05-02,138964.71323235217
2025-05-05,138695.43900007586
2025-05-06,137610.75825864487
2025-05-07,138389.45804583005
2025-05-08,136327.31518840464
2025-05-09,137227.70970222377
2025-05-12,140984.55133981604
2025-05-13,143867.83808748124
2025-05-14,145386.72724677614
2025-05-15,144955.54331702812
2025-05-16,147212.2018484455
2025-05-19,146352.93994815904
2025-05-20,146215.35661526993
2025-05-21,143959.05968784785
2025-05-22,144254.46169374778
2025-05-23,143857.12981394798
2025-05-27,148095.50868462987
2025-05-28,147402.62859257183
2025-05-29,146472.715481735
2025-05-30,146054.43715611938
2025-06-02,146495.54990755688
2025-06-03,147331.36839974698
2025-06-04,146080.10223461682
2025-06-05,144151.81731179508
2025-06-06,146353.32545280614
2025-06-09,146098.21604533197
2025-06-10,146448.73289919426
2025-06-11,146831.49338735582
2025-06-12,145189.3481947516
2025-06-13,145266.37182059442
2025-06-16,147721.13942249145
2025-06-17,146353.56730666
2025-06-18,146320.17598054506
2025-06-20,146044.33522665995
2025-06-23,149950.37117692552
2025-06-24,150941.7918385805
2025-06-25,149828.66443241082
2025-06-26,151084.05250569506
2025-06-27,152441.00813485283
2025-06-30,153423.1844056226
2025-07-01,148293.4900964029
2025-07-02,148214.86658447224
2025-07-03,150309.07505595597
2025-07-07,150539.1039813726
2025-07-08,149556.0064541089
2025-07-09,151615.70693472974
2025-07-10,149228.3900492133
2025-07-11,147942.71695420647
2025-07-14,150183.37002539157
2025-07-15,150869.35939478467
2025-07-16,151471.67813856143
2025-07-17,151899.03540467776
2025-07-18,151242.8327479589
2025-07-21,152372.1267845651
2025-07-22,149189.2776355593
2025-07-23,150629.6310245056
2025-07-24,152153.49173859152
2025-07-25,154632.20136327975
2025-07-28,154159.11473337637
2025-07-29,154660.2597091286
2025-07-30,156352.11780344232
2025-07-31,154929.21065425756
2025-08-01,153163.55725603254
2025-08-04,158828.28767779592
2025-08-05,157178.93955352512
2025-08-06,160266.00032820692
2025-08-07,158732.9563651069
2025-08-08,159831.13732852577
2025-08-11,159025.97748413263
2025-08-12,162614.18104214277
2025-08-13,160304.89450419034
2025-08-14,158496.41246905178
2025-08-15,159722.73285011685
2025-08-18,160150.12506390733
2025-08-19,155348.7135250772
2025-08-20,153752.28900158365
2025-08-21,153371.85532428414
2025-08-22,155950.86470478293
2025-08-25,156921.2723337632
2025-08-26,157958.0094039172
2025-08-27,159496.21272226042
2025-08-28,165145.63481395773
2025-08-29,160157.58725633894
2025-09-02,159822.88881446194
2025-09-03,162972.73980431803
2025-09-04,169134.24926049737
2025-09-05,176113.42516131833
2025-09-08,178479.2256565144
2025-09-09,179105.9001840689
2025-09-10,186939.96813123603
2025-09-11,187279.4749051455
2025-09-12,186782.8142964756
2025-09-15,194026.72017002467
2025-09-16,193337.2237802692
2025-09-17,188786.50590590664
2025-09-18,194414.83907472633
2025-09-19,195505.79191114675
2025-09-22,198075.76427153053
2025-09-23,196078.10380529036
2025-09-24,191483.88055801654
2025-09-25,191079.00098781526
2025-09-26,190452.53008177492
2025-09-29,196558.75527013198
2025-09-30,198926.81397085226
2025-10-01,209797.47578674013
2025-10-02,211318.415229009
2025-10-03,208060.48265031507
2025-10-06,204190.39095435347
2025-10-07,198127.74633023882
2025-10-08,201524.27355343077
2025-10-09,199923.8368863754
2025-10-10,190923.51860754352
2025-10-13,201273.2463321052
2025-10-14,194668.9633212245
2025-10-15,199105.7189270991
2025-10-16,202782.20969165047
2025-10-17,202270.9252877298
2025-10-20,198624.84928269772
2025-10-21,198251.70469861358
2025-10-22,196099.02806327582
2025-10-23,203942.65880819663
2025-10-24,210409.9742453107
2025-10-27,214852.24870114235
2025-10-28,215375.60590260546
2025-10-29,233809.74119946692
2025-10-30,227605.61935519794
2025-10-31,234894.5469815432
2025-11-03,236604.67503616103
2025-11-04,224990.7974549101
2025-11-05,244293.39086504668
2025-11-06,246128.61159580573
2025-11-07,246680.1605692557
2025-11-10,260883.4687927163
2025-11-11,253615.65597735022
2025-11-12,250816.15561945227
2025-11-13,233364.72214501564
2025-11-14,231998.71442843892
2025-11-17,234471.83807482626
2025-11-18,229201.36452437303
2025-11-19,237138.81560397372
2025-11-20,217622.3943874054
2025-11-21,222016.32738903817
2025-11-24,242461.61700480123
2025-11-25,244523.9610416417
2025-11-26,251953.03578354052
2025-11-28,259281.70390993304
2025-12-01,255526.80007001138
2025-12-02,250572.70386209435
2025-12-03,246413.67245931405
2025-12-04,251918.80180934546
2025-12-05,260914.19746865093
2025-12-08,267736.48927458475
2025-12-09,271891.29485573823
2025-12-10,283006.29658097244
2025-12-11,285327.35110984946
2025-12-12,260604.79042091384
2025-12-15,257095.40527581732
2025-12-16,254528.76992949448
2025-12-17,247094.6526161327
2025-12-18,260665.2428357203
2025-12-19,273980.99685477704
2025-12-22,275537.9259245361
2025-12-23,276573.1531398794
2025-12-24,281291.54420843103
2025-12-26,281114.79233894474
2025-12-29,278378.56845512317
2025-12-30,276476.16566574003
2025-12-31,271952.39646366605
2026-01-02,288481.45241469523
2026-01-05,287079.8796279091
2026-01-06,320464.89777482493
2026-01-07,307426.5587568196
2026-01-08,289282.39267689927
2026-01-09,306333.93615196476
2026-01-12,312482.40827022376
2026-01-13,312358.26744197035
2026-01-14,304372.9033831316
2026-01-15,313215.6166978945
2026-01-16,317867.4391036388
2026-01-20,323376.57718767354
2026-01-21,339966.1860008208
2026-01-22,338820.79611392604
2026-01-23,333845.4476493256
2026-01-26,336260.6212855567
2026-01-27,357032.6181640648
2026-01-28,386697.22048799077
2026-01-29,389270.5113260205
2026-01-30,365950.0059753476
2026-02-02,387337.31274341495
2026-02-03,391605.7630593663
2026-02-04,372870.71266294253
2026-02-05,376751.6118732727
2026-02-06,404005.8165489471
2026-02-09,406269.2630207634
2026-02-10,388789.16250125784
2026-02-11,405679.4826981308
2026-02-12,414033.1095014342
2026-02-13,409567.21519880433
2026-02-17,413302.22783377377
2026-02-18,422428.561136848
2026-02-19,422358.72740427626
2026-02-20,433234.3796474352
2026-02-23,430243.5164830189
2026-02-24,427982.88573555415
2026-02-25,448523.00265111757
2026-02-26,429588.5563509162
2026-02-27,430650.5057304571
2026-03-31,405953.0826197836
